"","dataset1","dataset2","dataset3","dataset4","dataset5","dataset6","dataset7","dataset8","dataset9","dataset10","dataset11","dataset12","dataset13","dataset14","dataset15","dataset16","dataset17","dataset18","dataset19","dataset20","dataset21","dataset22","dataset23","dataset24","dataset25","dataset26","dataset27","dataset28","dataset29","dataset30","dataset31","dataset32","dataset33","dataset34","dataset35","dataset36","dataset37","dataset38","dataset39","dataset40","dataset41","dataset42","dataset43","dataset44","dataset45","dataset46","dataset47","dataset48","dataset49","dataset50","dataset51","dataset52","dataset53","dataset54","dataset55","dataset56","dataset57","dataset58","dataset59","dataset60","dataset61","dataset62","dataset63","dataset64","dataset65","dataset66","dataset67","dataset68","dataset69","dataset70","dataset71","dataset72","dataset73","dataset74","dataset75","dataset76","dataset77","dataset78","dataset79","dataset80","dataset81","dataset82","dataset83","dataset84","dataset85","dataset86","dataset87","dataset88","dataset89","dataset90","dataset91","dataset92","dataset93","dataset94","dataset95","dataset96","dataset97","dataset98","dataset99","dataset100","dataset101","dataset102","dataset103","dataset104","dataset105","dataset106","dataset107","dataset108","dataset109","dataset110","dataset111","dataset112","dataset113","dataset114","dataset115","dataset116","dataset117","dataset118","dataset119","dataset120","dataset121","dataset122","dataset123","dataset124","dataset125","dataset126","dataset127","dataset128","dataset129","dataset130","dataset131","dataset132","dataset133","dataset134","dataset135","dataset136","dataset137","dataset138","dataset139","dataset140","dataset141","dataset142","dataset143","dataset144","dataset145","dataset146","dataset147","dataset148","dataset149","dataset150","dataset151","dataset152","dataset153","dataset154","dataset155","dataset156","dataset157","dataset158","dataset159","dataset160","dataset161","dataset162","dataset163","dataset164","dataset165","dataset166","dataset167","dataset168","dataset169","dataset170","dataset171","dataset172","dataset173","dataset174","dataset175","dataset176","dataset177","dataset178","dataset179","dataset180","dataset181","dataset182","dataset183","dataset184","dataset185","dataset186","dataset187","dataset188","dataset189","dataset190","dataset191","dataset192","dataset193","dataset194","dataset195","dataset196","dataset197","dataset198","dataset199","dataset200","dataset201","dataset202","dataset203","dataset204","dataset205","dataset206","dataset207","dataset208","dataset209","dataset210","dataset211","dataset212","dataset213","dataset214","dataset215","dataset216","dataset217","dataset218","dataset219","dataset220","dataset221","dataset222","dataset223","dataset224","dataset225","dataset226","dataset227","dataset228","dataset229","dataset230","dataset231","dataset232","dataset233","dataset234","dataset235","dataset236","dataset237","dataset238","dataset239","dataset240","dataset241","dataset242","dataset243","dataset244","dataset245","dataset246","dataset247","dataset248","dataset249","dataset250","dataset251","dataset252","dataset253","dataset254","dataset255","dataset256","dataset257","dataset258","dataset259","dataset260","dataset261","dataset262","dataset263","dataset264","dataset265","dataset266","dataset267","dataset268","dataset269","dataset270","dataset271","dataset272","dataset273","dataset274","dataset275","dataset276","dataset277","dataset278","dataset279","dataset280","dataset281","dataset282","dataset283","dataset284","dataset285","dataset286","dataset287","dataset288","dataset289","dataset290","dataset291","dataset292","dataset293","dataset294","dataset295","dataset296","dataset297","dataset298","dataset299","dataset300","dataset301","dataset302","dataset303","dataset304","dataset305","dataset306","dataset307","dataset308","dataset309","dataset310","dataset311","dataset312","dataset313","dataset314","dataset315","dataset316","dataset317","dataset318","dataset319","dataset320","dataset321","dataset322","dataset323","dataset324","dataset325","dataset326","dataset327","dataset328","dataset329","dataset330","dataset331","dataset332","dataset333","dataset334","dataset335","dataset336","dataset337","dataset338","dataset339","dataset340","dataset341","dataset342","dataset343","dataset344","dataset345","dataset346","dataset347","dataset348","dataset349","dataset350","dataset351","dataset352","dataset353","dataset354","dataset355","dataset356","dataset357","dataset358","dataset359","dataset360","dataset361","dataset362","dataset363","dataset364","dataset365","dataset366","dataset367","dataset368","dataset369","dataset370","dataset371","dataset372","dataset373","dataset374","dataset375","dataset376","dataset377","dataset378","dataset379","dataset380","dataset381","dataset382","dataset383","dataset384","dataset385","dataset386","dataset387","dataset388","dataset389","dataset390","dataset391","dataset392","dataset393","dataset394","dataset395","dataset396","dataset397","dataset398","dataset399","dataset400","dataset401","dataset402","dataset403","dataset404","dataset405","dataset406","dataset407","dataset408","dataset409","dataset410","dataset411","dataset412","dataset413","dataset414","dataset415","dataset416","dataset417","dataset418","dataset419","dataset420","dataset421","dataset422","dataset423","dataset424","dataset425","dataset426","dataset427","dataset428","dataset429","dataset430","dataset431","dataset432","dataset433","dataset434","dataset435","dataset436","dataset437","dataset438","dataset439","dataset440","dataset441","dataset442","dataset443","dataset444","dataset445","dataset446","dataset447","dataset448","dataset449","dataset450","dataset451","dataset452","dataset453","dataset454","dataset455","dataset456","dataset457","dataset458","dataset459","dataset460","dataset461","dataset462","dataset463","dataset464","dataset465","dataset466","dataset467","dataset468","dataset469","dataset470","dataset471","dataset472","dataset473","dataset474","dataset475","dataset476","dataset477","dataset478","dataset479","dataset480","dataset481","dataset482","dataset483","dataset484","dataset485","dataset486","dataset487","dataset488","dataset489","dataset490","dataset491","dataset492","dataset493","dataset494","dataset495","dataset496","dataset497","dataset498","dataset499","dataset500","dataset501","dataset502","dataset503","dataset504","dataset505","dataset506","dataset507","dataset508","dataset509","dataset510","dataset511","dataset512","dataset513","dataset514","dataset515","dataset516","dataset517","dataset518","dataset519","dataset520","dataset521","dataset522","dataset523","dataset524","dataset525","dataset526","dataset527","dataset528","dataset529","dataset530","dataset531","dataset532","dataset533","dataset534","dataset535","dataset536","dataset537","dataset538","dataset539","dataset540","dataset541","dataset542","dataset543","dataset544","dataset545","dataset546","dataset547","dataset548","dataset549","dataset550","dataset551","dataset552","dataset553","dataset554","dataset555","dataset556","dataset557","dataset558","dataset559","dataset560","dataset561","dataset562","dataset563","dataset564","dataset565","dataset566","dataset567","dataset568","dataset569","dataset570","dataset571","dataset572","dataset573","dataset574","dataset575","dataset576","dataset577","dataset578","dataset579","dataset580","dataset581","dataset582","dataset583","dataset584","dataset585","dataset586","dataset587","dataset588","dataset589","dataset590","dataset591","dataset592","dataset593","dataset594","dataset595","dataset596","dataset597","dataset598","dataset599","dataset600","dataset601","dataset602","dataset603","dataset604","dataset605","dataset606","dataset607","dataset608","dataset609","dataset610","dataset611","dataset612","dataset613","dataset614","dataset615","dataset616","dataset617","dataset618","dataset619","dataset620","dataset621","dataset622","dataset623","dataset624","dataset625","dataset626","dataset627","dataset628","dataset629","dataset630","dataset631","dataset632","dataset633","dataset634","dataset635","dataset636","dataset637","dataset638","dataset639","dataset640","dataset641","dataset642","dataset643","dataset644","dataset645","dataset646","dataset647","dataset648","dataset649","dataset650","dataset651","dataset652","dataset653","dataset654","dataset655","dataset656","dataset657","dataset658","dataset659","dataset660","dataset661","dataset662","dataset663","dataset664","dataset665","dataset666","dataset667","dataset668","dataset669","dataset670","dataset671","dataset672","dataset673","dataset674","dataset675","dataset676","dataset677","dataset678","dataset679","dataset680","dataset681","dataset682","dataset683","dataset684","dataset685","dataset686","dataset687","dataset688","dataset689","dataset690","dataset691","dataset692","dataset693","dataset694","dataset695","dataset696","dataset697","dataset698","dataset699","dataset700","dataset701","dataset702","dataset703","dataset704","dataset705","dataset706","dataset707","dataset708","dataset709","dataset710","dataset711","dataset712","dataset713","dataset714","dataset715","dataset716","dataset717","dataset718","dataset719","dataset720","dataset721","dataset722","dataset723","dataset724","dataset725","dataset726","dataset727","dataset728","dataset729","dataset730","dataset731","dataset732","dataset733","dataset734","dataset735","dataset736","dataset737","dataset738","dataset739","dataset740","dataset741","dataset742","dataset743","dataset744","dataset745","dataset746","dataset747","dataset748","dataset749","dataset750","dataset751","dataset752","dataset753","dataset754","dataset755","dataset756","dataset757","dataset758","dataset759","dataset760","dataset761","dataset762","dataset763","dataset764","dataset765","dataset766","dataset767","dataset768","dataset769","dataset770","dataset771","dataset772","dataset773","dataset774","dataset775","dataset776","dataset777","dataset778","dataset779","dataset780","dataset781","dataset782","dataset783","dataset784","dataset785","dataset786","dataset787","dataset788","dataset789","dataset790","dataset791","dataset792","dataset793","dataset794","dataset795","dataset796","dataset797","dataset798","dataset799","dataset800","dataset801","dataset802","dataset803","dataset804","dataset805","dataset806","dataset807","dataset808","dataset809","dataset810","dataset811","dataset812","dataset813","dataset814","dataset815","dataset816","dataset817","dataset818","dataset819","dataset820","dataset821","dataset822","dataset823","dataset824","dataset825","dataset826","dataset827","dataset828","dataset829","dataset830","dataset831","dataset832","dataset833","dataset834","dataset835","dataset836","dataset837","dataset838","dataset839","dataset840","dataset841","dataset842","dataset843","dataset844","dataset845","dataset846","dataset847","dataset848","dataset849","dataset850","dataset851","dataset852","dataset853","dataset854","dataset855","dataset856","dataset857","dataset858","dataset859","dataset860","dataset861","dataset862","dataset863","dataset864","dataset865","dataset866","dataset867","dataset868","dataset869","dataset870","dataset871","dataset872","dataset873","dataset874","dataset875","dataset876","dataset877","dataset878","dataset879","dataset880","dataset881","dataset882","dataset883","dataset884","dataset885","dataset886","dataset887","dataset888","dataset889","dataset890","dataset891","dataset892","dataset893","dataset894","dataset895","dataset896","dataset897","dataset898","dataset899","dataset900","dataset901","dataset902","dataset903","dataset904","dataset905","dataset906","dataset907","dataset908","dataset909","dataset910","dataset911","dataset912","dataset913","dataset914","dataset915","dataset916","dataset917","dataset918","dataset919","dataset920","dataset921","dataset922","dataset923","dataset924","dataset925","dataset926","dataset927","dataset928","dataset929","dataset930","dataset931","dataset932","dataset933","dataset934","dataset935","dataset936","dataset937","dataset938","dataset939","dataset940","dataset941","dataset942","dataset943","dataset944","dataset945","dataset946","dataset947","dataset948","dataset949","dataset950","dataset951","dataset952","dataset953","dataset954","dataset955","dataset956","dataset957","dataset958","dataset959","dataset960","dataset961","dataset962","dataset963","dataset964","dataset965","dataset966","dataset967","dataset968","dataset969","dataset970","dataset971","dataset972","dataset973","dataset974","dataset975","dataset976","dataset977","dataset978","dataset979","dataset980","dataset981","dataset982","dataset983","dataset984","dataset985","dataset986","dataset987","dataset988","dataset989","dataset990","dataset991","dataset992","dataset993","dataset994","dataset995","dataset996","dataset997","dataset998","dataset999","dataset1000"
"0",10,9,8,7,7,10,9,9,10,8,8,7,6,9,7,10,9,9,8,10,10,9,9,9,8,7,8,8,9,10,8,8,7,8,7,7,9,10,10,9,8,9,7,9,9,10,7,7,8,8,9,9,6,9,8,10,9,9,9,9,9,8,8,9,9,9,9,9,8,9,9,7,8,9,8,10,8,9,9,10,9,9,9,8,9,8,7,8,8,9,10,9,8,10,10,8,7,9,8,9,9,9,6,10,9,9,7,9,9,10,9,10,8,8,7,9,10,7,9,8,8,9,9,9,9,8,7,9,7,7,8,7,9,8,9,9,7,8,10,10,9,10,10,9,10,7,9,9,7,9,9,10,9,10,10,9,10,8,10,9,9,10,10,9,10,10,10,8,9,10,8,8,9,8,7,9,9,7,9,10,8,7,9,10,10,7,8,8,10,9,8,9,10,10,6,8,10,8,10,9,9,8,9,9,8,9,8,8,8,7,8,9,9,8,9,8,8,9,7,9,10,10,8,9,9,8,7,9,9,6,10,9,10,9,9,7,7,9,8,8,9,10,8,10,10,8,7,8,7,6,9,9,9,10,10,8,10,9,10,9,8,10,9,6,10,10,8,8,10,9,9,9,9,8,5,8,8,8,8,9,9,7,8,7,10,9,9,7,8,7,9,8,10,9,10,7,8,8,8,9,8,10,9,8,9,9,8,8,9,10,10,7,9,10,8,8,8,10,9,10,8,10,9,10,8,8,9,10,10,9,9,9,9,10,10,10,10,8,9,8,10,7,8,9,8,6,7,9,10,10,9,8,7,8,8,9,7,10,9,8,8,10,10,7,10,9,7,9,7,8,7,8,8,10,9,10,8,9,8,9,9,7,9,8,9,5,9,9,7,10,7,9,8,9,8,8,9,9,8,10,10,9,9,7,5,9,10,9,9,9,8,10,10,6,10,8,9,7,9,9,9,10,9,9,9,7,10,9,10,9,10,8,7,10,7,8,7,8,8,6,9,10,10,8,9,9,9,8,6,10,9,10,8,8,8,9,7,9,7,10,9,9,8,10,7,9,10,8,10,10,8,9,8,9,8,6,9,6,10,10,9,8,8,7,10,9,10,8,9,9,9,10,6,9,6,8,8,7,8,9,8,10,9,7,8,8,7,8,9,7,9,10,10,8,8,9,6,9,7,9,10,8,10,9,8,10,9,9,8,9,7,7,8,9,8,8,10,6,9,9,7,8,8,8,9,8,8,9,8,8,9,7,8,8,7,9,7,10,10,9,9,8,8,10,8,8,8,8,10,9,10,8,8,9,9,10,10,9,6,7,8,10,10,9,10,10,8,7,9,9,8,8,9,9,10,8,7,10,10,9,10,7,10,8,10,10,9,9,8,10,10,8,9,10,9,7,9,10,8,9,9,9,9,10,10,9,10,10,10,10,9,10,10,9,9,9,10,9,10,10,7,9,10,10,8,8,9,8,10,10,10,9,8,10,9,10,9,8,9,7,9,9,8,9,9,6,9,9,7,8,9,8,10,9,10,8,10,9,8,8,8,8,9,10,8,10,7,7,10,10,9,7,9,7,9,9,7,9,7,7,8,9,10,10,10,9,9,9,9,7,10,8,6,9,8,8,8,9,8,8,10,8,9,8,7,10,8,10,8,8,8,10,8,10,9,9,9,9,7,8,9,10,10,8,8,8,7,10,9,8,9,7,9,10,10,10,7,9,9,9,9,8,10,8,9,9,10,10,9,7,8,8,9,9,10,8,9,10,10,10,9,10,8,8,8,8,7,9,8,8,9,7,5,9,8,9,9,9,9,8,10,10,10,9,10,10,9,8,10,9,8,9,9,9,9,9,7,8,9,7,8,9,9,8,8,9,10,7,7,7,9,10,7,10,8,10,8,8,10,8,8,9,9,8,8,8,10,10,10,9,9,10,9,10,8,9,9,8,9,9,9,8,9,7,6,9,10,7,8,8,8,9,9,9,10,8,8,10,8,8,9,8,10,9,10,10,7,9,10,8,10,8,10,8,9,9,9,8,9,8,8,8,9,8,8,9,9,7,8,9,9,10,9,10,9,8,9,9,10,9,7,9,10,8,10,7,9,9,10,10,9,8,10,8,10,7,6,8,10,9,9,10,10,10,9,8,9,9,9,9,8,9,10,7,9,9,9,9,10,10,9,9,9,10,10,9,7,8,8,9,10,8,9,10,9,9,9,9,9,10,7,7,9,9,8,9,8,8,9,9,8,8,10,9,9,9,9,8,9,8
"0",9,8,8,8,9,8,8,9,8,9,7,8,7,8,9,9,7,9,10,7,8,9,8,8,6,10,10,9,10,6,8,10,9,8,9,10,9,9,8,9,10,10,9,8,7,7,8,10,9,9,9,10,8,9,10,9,9,10,10,8,9,9,9,7,8,7,8,9,8,8,9,8,10,7,9,10,10,9,8,7,8,6,8,8,9,6,8,7,8,10,8,8,8,8,8,9,10,9,10,9,10,7,10,8,9,10,7,10,9,8,9,7,9,9,9,9,9,9,9,9,9,8,5,9,9,10,7,8,8,9,8,10,9,8,9,9,9,8,10,5,9,8,8,9,8,10,9,10,10,9,9,8,7,8,8,8,10,9,7,8,8,9,9,8,7,10,10,9,9,9,10,8,8,8,8,8,8,9,10,9,6,10,7,9,7,9,10,9,10,9,9,9,7,9,9,10,8,9,9,7,8,8,8,8,8,8,9,10,10,10,9,8,9,9,9,8,9,9,9,8,8,10,9,6,10,9,9,9,9,9,9,8,10,7,10,10,9,10,9,9,10,8,10,9,10,9,10,9,10,10,10,8,9,8,10,9,9,7,8,9,8,8,9,10,10,8,9,8,8,8,8,10,9,7,10,8,7,9,9,9,9,8,8,8,10,9,10,10,10,10,9,10,8,10,10,9,7,9,10,9,8,9,8,8,8,7,10,9,9,9,7,9,8,7,9,8,9,7,10,10,9,8,9,6,8,9,9,7,9,9,8,9,8,9,9,9,9,10,8,8,8,10,7,10,7,8,7,10,8,9,7,10,9,9,8,9,9,7,8,8,9,10,8,9,9,10,10,8,9,9,7,9,8,10,8,8,10,8,9,7,9,8,9,9,10,9,8,10,9,8,9,8,9,9,7,8,9,9,9,10,10,9,8,10,10,8,9,8,9,10,8,8,9,9,8,9,9,10,8,6,9,8,10,10,9,9,7,9,7,9,6,10,9,8,9,9,10,9,8,8,9,9,9,8,7,8,10,7,8,9,9,6,8,8,9,8,9,8,10,10,9,9,8,9,9,10,9,9,9,8,10,8,9,9,7,8,9,9,9,7,9,8,10,9,8,9,9,9,9,7,8,8,9,9,9,8,10,10,8,7,10,8,9,10,9,10,9,10,9,9,7,9,7,9,9,9,9,7,10,9,7,7,9,7,9,9,9,8,10,9,10,8,7,10,10,8,8,8,9,9,10,8,9,9,10,6,9,10,8,9,10,10,10,9,8,8,9,9,7,8,10,7,8,7,9,8,9,9,6,7,8,10,9,9,10,8,9,8,8,8,9,7,10,8,7,9,9,9,10,9,10,9,8,8,10,10,9,8,8,9,7,9,9,9,7,10,9,9,8,9,8,9,8,8,6,9,8,10,9,10,8,7,9,9,10,9,9,7,10,8,9,9,7,8,6,7,8,9,10,9,10,6,9,8,10,9,9,8,10,7,10,8,8,9,8,9,10,9,9,9,10,9,7,7,10,10,9,9,8,6,10,9,9,9,8,7,8,10,9,9,8,9,9,10,7,9,9,9,9,9,9,9,7,8,8,9,8,10,10,9,9,8,10,9,7,8,8,10,8,8,9,9,10,7,8,9,7,9,8,6,9,9,9,8,9,7,10,8,8,9,9,9,8,8,9,9,9,8,9,8,9,7,8,8,7,8,9,10,8,9,7,9,7,8,8,9,9,10,8,9,10,9,9,9,9,7,8,8,8,8,7,9,9,6,8,9,10,8,8,9,10,9,8,9,9,10,9,9,9,10,8,8,10,9,9,9,9,8,10,8,6,7,9,10,8,10,9,8,9,9,10,9,8,7,9,9,10,10,10,10,9,9,8,10,10,8,8,7,10,10,9,8,9,8,10,9,8,7,10,9,9,7,7,9,10,9,10,6,9,9,9,6,10,9,9,10,8,9,8,9,9,8,8,9,9,8,9,7,8,6,7,9,9,9,8,8,10,10,9,9,8,9,9,9,10,8,9,9,8,10,9,9,7,10,8,10,6,9,9,9,9,9,9,10,8,9,8,9,9,8,9,9,8,9,8,8,8,10,7,9,10,10,9,10,9,9,8,8,8,10,7,7,8,9,9,9,9,8,6,9,8,9,10,8,8,9,9,10,8,9,9,10,8,9,9,9,10,10,10,10,8,7,8,7,7,8,8,8,8,8,7,9,8,8,7,6,9,9,10,9,9,9,10,9,9,8,10,9,10,9,10,9,9,7,8,10,8,8,9,10
"0",10,9,8,10,9,8,7,8,8,10,9,9,9,10,9,8,8,8,7,7,7,9,9,8,10,9,7,8,8,8,10,9,9,8,10,10,9,9,10,7,10,9,9,9,9,9,9,9,9,8,10,10,10,7,9,8,10,9,8,9,8,7,10,9,8,9,8,9,10,8,10,9,7,10,9,8,9,8,10,9,7,9,7,8,7,9,10,9,10,8,10,8,9,10,10,8,10,10,8,6,8,9,10,7,9,8,10,7,10,7,8,9,8,8,9,10,10,9,10,10,9,9,10,8,9,10,10,9,9,10,8,7,8,9,10,9,8,10,10,9,9,7,10,6,7,8,10,8,9,9,9,10,8,9,10,9,8,8,9,8,8,8,7,9,9,8,7,8,8,9,8,9,8,9,10,10,7,8,9,8,10,10,9,7,9,9,8,10,8,9,8,7,9,9,9,8,7,7,10,10,7,9,10,8,8,10,9,8,9,9,7,7,9,10,9,9,7,9,9,9,9,8,10,10,9,10,9,7,6,10,10,9,8,10,8,9,9,10,8,9,10,8,9,9,8,8,9,8,9,9,8,7,6,9,8,9,8,10,9,10,10,9,8,9,8,9,8,9,7,8,9,8,8,10,9,9,9,7,10,8,9,10,8,10,10,9,6,7,8,9,9,8,8,8,7,8,10,9,8,9,8,7,7,8,7,9,8,10,10,7,9,10,9,7,10,10,8,9,8,10,9,9,7,8,9,9,9,9,7,10,8,9,10,9,8,10,9,8,9,8,6,9,9,7,9,10,10,9,6,8,9,8,9,9,10,7,9,7,7,9,7,7,9,9,9,7,10,8,9,8,10,7,9,9,7,10,8,9,10,9,9,9,9,10,10,10,9,8,10,10,8,9,10,9,9,10,10,9,7,7,7,9,7,9,10,9,9,10,8,8,10,9,9,9,10,8,9,9,9,9,8,7,8,10,10,9,8,7,8,8,10,10,9,9,8,8,8,8,10,10,8,7,8,9,10,8,7,9,10,8,9,9,9,10,8,8,8,10,9,6,8,8,8,8,8,9,9,9,9,8,9,10,9,6,10,10,6,9,9,8,6,8,8,10,8,7,9,8,8,8,8,10,10,8,9,8,9,9,8,9,8,6,9,9,9,9,10,10,9,8,10,8,7,10,7,10,9,9,10,7,9,9,7,8,9,9,9,8,10,9,10,9,9,10,9,8,9,10,8,8,8,8,9,10,8,10,9,9,8,9,7,8,7,9,9,9,8,8,10,8,8,9,9,10,9,9,9,9,9,9,10,8,9,9,10,8,8,7,10,10,10,7,10,9,10,9,7,8,7,10,8,8,8,9,10,8,9,9,9,9,9,9,9,8,9,9,9,10,9,10,7,8,8,9,9,9,7,10,9,9,7,8,6,8,8,9,8,10,9,8,8,9,8,8,9,9,9,9,8,10,9,9,9,9,9,9,6,10,9,9,9,9,8,7,8,10,10,9,9,9,9,8,10,9,8,9,8,9,9,10,9,9,9,8,6,10,8,7,9,7,9,9,9,10,10,10,8,10,7,9,8,10,8,9,8,9,10,6,10,8,10,9,7,8,8,7,8,8,8,9,6,9,8,8,10,9,10,8,8,10,7,7,6,10,8,10,6,6,8,9,7,9,9,8,7,9,10,7,9,10,9,8,10,9,10,9,8,9,9,10,8,9,8,9,9,9,8,10,8,6,8,9,9,7,7,10,9,9,10,9,10,10,9,10,8,10,9,8,9,5,10,8,8,9,10,10,9,8,8,7,9,9,10,9,9,9,9,7,9,10,9,9,8,8,9,10,7,9,7,9,9,6,9,8,9,9,8,9,10,7,10,6,9,10,10,8,10,10,9,9,8,7,10,7,8,7,9,10,9,8,8,9,8,7,9,10,9,8,9,7,9,10,9,8,10,8,9,7,10,7,9,9,10,10,9,7,9,10,8,10,9,8,7,9,9,9,9,10,9,9,8,10,8,9,10,8,10,9,9,9,9,10,10,8,9,9,9,8,6,9,7,7,9,7,9,9,10,10,7,9,9,9,8,10,7,8,7,10,8,10,10,8,9,9,8,9,9,10,7,10,8,9,9,9,8,8,9,9,9,8,8,9,6,8,9,7,10,8,8,7,7,8,9,9,10,10,8,8,8,7,9,8,7,10,7,8,9,9,8,9,9,9,8,9,10,10,10,10,10,9,8,8,8,9,8,9,9,10,9,8,9,8,9,9,9,7,8,9,8,8
"0.0625",10,9,8,9,10,9,7,9,10,10,9,9,6,6,8,10,9,9,8,9,7,9,6,9,7,9,8,10,9,9,9,8,8,10,9,7,9,10,9,9,10,9,10,9,8,9,9,9,6,5,9,8,9,9,8,7,10,9,9,9,10,8,9,8,5,9,8,9,6,9,8,9,10,9,9,7,10,9,10,9,10,10,8,9,8,7,9,9,9,8,9,9,9,9,9,10,8,8,8,6,9,7,10,8,7,9,8,9,9,8,10,9,7,7,10,7,9,10,10,10,10,8,8,10,8,10,9,9,8,8,8,10,10,9,9,8,7,9,9,9,9,8,9,7,10,7,9,9,8,9,10,8,9,9,9,8,8,8,8,8,10,8,7,9,7,10,8,8,10,8,8,10,9,8,9,10,9,8,9,7,10,8,6,9,10,9,9,9,10,8,9,10,7,10,9,8,8,9,9,9,9,8,8,6,9,10,9,10,7,10,9,7,9,7,7,8,9,8,9,7,8,10,9,9,10,9,10,7,8,8,8,10,9,8,9,9,8,8,7,5,10,9,9,9,9,9,7,8,7,9,9,9,8,8,10,9,10,9,8,7,7,8,9,8,9,8,10,9,9,9,9,10,9,8,10,7,9,9,9,8,9,6,5,10,8,7,10,8,8,8,9,6,6,8,7,8,9,8,7,7,8,7,8,10,9,9,9,9,10,10,6,6,9,7,7,9,7,9,10,10,8,10,8,9,7,10,8,7,8,6,9,9,8,9,6,8,10,9,9,7,9,9,10,10,9,7,10,9,9,7,9,9,10,7,10,6,9,7,8,10,10,8,7,10,9,9,9,9,9,7,7,10,8,9,7,9,8,8,9,8,9,7,7,9,6,7,8,10,8,6,8,9,9,7,9,8,9,9,10,9,7,8,7,9,10,8,9,10,6,8,9,7,8,9,5,8,9,10,9,9,9,9,10,8,8,10,9,9,8,9,7,9,7,9,10,9,6,8,10,8,10,7,9,8,9,9,7,9,8,7,8,9,10,9,8,10,8,10,6,9,7,9,8,9,9,9,8,10,9,7,8,4,8,10,10,9,7,9,7,6,8,9,6,8,10,7,8,6,9,9,8,9,9,8,7,9,6,9,8,9,10,9,9,8,9,7,8,9,9,8,9,9,9,7,8,10,9,9,7,10,9,9,6,9,8,10,7,8,10,10,8,10,9,7,10,9,8,7,10,6,9,7,7,9,9,9,9,7,6,7,9,10,9,8,9,7,9,10,7,9,8,6,9,7,9,8,9,5,7,7,10,8,9,10,9,8,8,8,7,9,7,10,10,8,8,6,7,9,9,10,10,7,8,8,6,9,5,10,10,8,8,9,7,9,8,9,9,9,9,9,7,10,9,7,10,8,9,8,10,9,8,8,10,9,9,10,7,8,9,9,9,10,10,9,9,8,9,7,9,8,10,8,9,9,10,7,6,9,9,7,7,9,7,7,8,8,7,9,6,8,9,9,8,9,8,8,9,10,8,9,9,8,8,8,8,10,7,8,8,9,7,9,8,7,8,8,9,10,6,8,10,8,10,7,8,9,9,8,10,7,9,9,8,7,9,9,8,9,10,9,7,9,9,10,9,8,6,9,6,9,7,8,7,7,7,8,7,10,9,8,9,9,8,8,8,7,10,7,9,7,7,9,9,8,10,9,7,9,10,9,9,9,6,10,9,8,9,9,9,10,10,7,7,8,9,9,8,9,9,10,9,10,9,9,9,10,10,9,9,7,9,10,9,10,10,8,9,9,8,10,8,10,9,9,9,10,9,9,9,7,8,10,8,7,6,8,8,8,10,8,10,9,9,8,9,10,6,10,9,9,6,10,8,9,10,8,8,9,9,8,9,9,9,9,9,9,8,9,9,7,10,6,8,9,8,10,9,10,9,10,8,8,9,8,8,9,10,9,7,9,8,9,10,9,9,8,8,9,8,10,9,6,7,7,9,9,9,9,10,6,7,8,8,9,8,8,8,9,10,8,10,8,8,7,8,9,6,8,7,8,10,9,9,6,7,8,8,9,6,7,8,8,9,7,9,10,10,8,8,8,7,9,8,9,7,8,6,8,8,9,8,9,10,8,9,9,8,7,9,9,8,9,10,9,10,8,9,9,8,7,9,8,9,10,9,9,8,8,9,9,8,10,6,9,8,9,7,10,6,6,10,9,10,7,9,9,9,8,8,10,8,9,8,10,10,9,9,9,8,10,9,9,7,8,9,10,8,9,6,9
"0.0625",9,10,9,10,9,4,9,10,10,10,9,9,10,9,8,6,10,9,10,9,8,10,8,8,8,9,9,10,9,9,9,8,8,7,8,10,10,8,10,9,9,9,7,7,8,10,9,9,9,8,7,10,7,9,9,6,6,7,9,9,8,10,10,8,9,10,9,9,9,7,8,8,10,10,9,8,9,10,10,8,8,8,8,8,10,9,9,9,7,9,6,8,8,6,9,9,9,10,9,9,8,7,8,10,7,8,10,10,9,8,9,9,8,8,10,7,8,8,10,9,9,8,6,8,10,8,9,10,10,8,10,7,10,8,7,7,6,9,9,10,9,7,9,7,7,9,10,9,8,10,8,8,9,9,9,7,10,10,10,10,9,9,9,9,8,9,7,10,8,9,7,9,10,8,10,9,10,7,8,9,10,7,9,9,10,9,10,7,9,10,8,8,10,6,8,10,8,8,8,8,9,8,9,9,10,8,9,9,8,7,10,8,10,9,8,8,8,10,9,9,10,9,7,10,10,7,8,7,8,6,9,8,9,9,9,10,8,9,5,9,8,10,9,6,6,10,7,9,7,6,10,8,7,7,9,9,8,9,10,8,8,9,6,7,6,9,7,8,9,9,9,10,8,10,8,9,9,9,9,8,9,8,9,10,8,8,8,6,8,10,7,8,9,7,6,9,8,10,10,8,7,9,8,10,10,8,9,9,7,9,8,8,9,9,8,10,6,9,9,9,9,8,8,9,10,9,9,9,7,8,9,9,10,9,9,10,10,8,8,7,10,9,8,8,8,8,8,7,10,8,6,8,8,6,9,9,9,8,7,10,10,8,10,9,7,10,8,10,10,9,9,9,8,9,7,7,8,10,9,8,8,9,7,10,9,7,7,9,9,9,9,8,10,8,7,8,8,8,9,8,10,10,10,6,9,10,9,9,8,8,9,9,8,9,9,8,7,8,9,7,9,6,9,9,8,8,9,8,9,9,9,9,8,7,9,10,8,7,7,10,8,10,10,8,9,9,8,9,8,9,8,7,9,7,9,9,10,7,6,5,9,9,8,10,9,6,9,10,9,9,7,10,8,9,10,10,9,9,10,8,10,8,5,6,9,9,10,9,8,10,10,9,9,7,9,8,10,9,7,8,9,8,8,6,8,10,9,8,7,6,10,10,6,8,8,9,10,7,8,10,8,9,8,8,9,7,9,8,8,5,6,9,7,9,10,8,7,9,8,8,7,9,6,9,8,9,7,9,9,8,9,8,10,8,3,6,6,8,10,10,10,8,10,8,9,9,9,9,10,9,7,8,8,7,9,9,7,9,8,7,9,10,10,10,9,9,7,9,10,7,8,10,8,7,9,9,9,9,7,8,8,10,9,8,9,10,9,8,9,9,9,9,8,7,8,6,9,8,7,9,9,9,7,8,10,10,9,8,7,8,9,9,8,9,8,10,7,7,10,8,8,10,8,7,8,9,10,9,7,9,9,9,8,8,9,9,10,9,6,8,10,9,8,9,8,10,8,9,9,9,9,10,10,10,10,10,8,9,8,9,10,9,8,9,7,9,10,7,10,6,9,9,10,7,8,9,7,10,10,6,9,7,9,8,8,8,8,9,5,9,8,9,8,9,9,8,10,10,10,9,9,8,6,10,7,9,9,7,8,10,8,9,9,9,10,9,9,8,9,9,9,8,8,6,7,9,9,10,10,8,10,9,9,10,9,10,9,6,9,8,9,9,8,9,10,8,9,8,10,6,6,6,10,10,10,9,8,8,9,9,8,10,10,8,10,9,9,9,8,7,9,9,6,8,10,7,9,9,9,9,7,9,8,8,6,10,10,9,9,7,7,6,9,8,8,9,7,7,9,7,10,10,8,9,10,8,8,9,8,9,9,8,10,10,8,9,10,6,10,8,10,10,10,8,10,9,7,9,8,10,8,9,6,10,9,9,8,8,6,9,8,8,8,10,8,10,9,7,10,9,10,9,7,8,8,9,9,8,8,9,8,6,8,9,9,8,7,9,9,7,7,9,8,7,10,6,8,6,8,9,10,7,10,9,7,10,9,8,8,10,10,8,9,9,9,10,6,9,9,9,7,9,9,8,8,8,7,9,7,9,7,6,8,8,9,8,9,10,9,9,9,10,10,6,8,10,7,8,7,6,9,10,10,6,9,7,8,10,8,8,8,8,10,9,9,8,7,9,8,9,8,7,9,7,7,9,8,8,8,8,7,10,9,10,10,9,8,8,9,10,9,10,9,8,7,9,8,9,10,8
"0.0625",10,10,9,9,8,8,9,9,9,8,10,9,9,8,7,9,9,8,6,8,9,7,7,10,7,7,8,8,8,9,7,7,9,10,8,9,8,10,8,8,8,9,9,10,9,9,9,8,8,9,10,8,7,9,7,8,8,8,9,8,9,9,9,9,9,7,8,8,10,8,9,8,7,8,9,9,8,10,8,9,9,9,9,9,8,8,6,8,9,7,8,9,7,10,8,8,10,9,9,9,10,10,7,10,10,8,9,9,10,9,7,10,8,9,8,9,8,9,9,9,8,8,8,10,7,10,8,10,8,10,8,8,10,8,10,7,8,8,7,10,8,9,10,8,10,10,10,7,9,8,9,10,8,9,8,7,10,10,8,9,10,8,8,8,10,9,10,7,8,8,9,9,10,8,8,9,6,9,9,9,8,7,9,9,7,9,9,9,8,9,10,10,10,10,9,9,9,8,8,9,8,9,8,9,9,8,9,9,8,9,8,8,8,9,8,10,7,8,6,9,8,7,9,8,8,9,8,9,7,9,10,8,8,9,8,10,5,9,8,9,6,9,7,9,9,10,9,10,9,9,9,8,8,9,9,10,9,8,8,8,10,10,7,8,7,9,9,6,9,7,10,5,8,8,9,9,6,8,9,7,5,8,9,10,8,6,9,8,10,9,7,7,9,9,9,8,9,7,9,10,8,5,9,8,10,9,7,9,9,5,8,9,9,10,10,10,7,8,8,10,8,10,10,9,9,9,8,8,10,9,9,9,9,9,9,10,9,8,9,9,8,8,9,9,9,8,8,8,8,10,7,8,8,9,10,9,9,9,9,9,8,8,7,8,8,9,9,9,10,8,7,9,8,8,7,8,9,9,8,9,8,10,8,7,6,10,7,9,8,7,8,8,9,9,10,9,3,8,10,9,9,9,9,8,7,9,9,9,7,8,9,8,10,10,9,10,10,8,10,10,10,9,7,9,8,10,10,9,9,9,10,9,9,9,9,8,8,9,10,10,9,9,9,10,8,8,9,7,8,9,10,9,8,8,8,10,9,9,8,8,8,10,9,8,8,9,10,9,8,9,7,10,8,8,8,8,7,9,10,8,7,8,9,9,9,9,9,7,8,8,9,10,9,8,8,9,8,10,9,10,9,9,8,8,9,8,9,7,9,10,6,9,8,8,9,8,9,8,10,10,9,7,8,10,10,9,10,8,8,8,9,9,10,9,6,9,9,10,9,8,8,7,9,8,9,7,7,9,10,9,9,9,9,9,10,10,8,9,10,10,10,7,8,9,8,9,8,8,8,9,9,7,8,8,7,5,7,7,9,8,8,10,8,10,9,7,8,10,9,9,9,9,9,8,10,9,9,9,7,9,8,8,8,9,9,7,10,8,9,7,10,8,8,10,7,9,7,8,8,9,7,9,8,9,10,7,8,10,9,8,8,9,8,9,9,8,6,9,7,7,9,8,8,7,10,8,7,10,9,10,7,10,9,8,9,8,9,8,9,9,7,9,8,10,9,10,9,9,10,9,10,6,8,9,10,8,10,8,9,8,10,9,10,8,9,7,9,9,9,7,8,9,8,9,8,9,8,9,9,7,9,10,9,7,8,9,9,9,10,8,9,8,9,9,9,9,7,8,8,5,8,9,10,6,10,9,8,8,7,7,9,8,7,9,9,8,7,8,9,10,10,8,9,10,9,8,9,8,9,9,9,7,10,7,10,10,8,9,8,8,9,10,9,7,9,9,7,8,9,9,9,8,8,8,10,10,9,7,9,10,10,7,8,10,7,9,8,8,7,9,7,8,9,9,9,9,9,10,10,9,7,9,9,9,10,10,7,10,9,8,9,7,7,6,9,9,8,10,9,10,9,7,10,10,8,10,10,10,9,9,9,8,8,8,7,7,9,8,8,8,7,7,8,7,9,9,8,10,8,10,9,10,7,9,9,7,9,7,10,8,8,8,8,8,8,10,10,6,7,10,10,10,9,9,10,9,9,8,9,9,9,9,9,8,8,8,7,7,9,9,8,9,8,8,7,10,10,8,7,9,10,8,8,7,8,8,9,10,9,9,9,8,9,9,8,9,10,9,9,9,9,9,7,9,9,9,8,10,10,10,7,10,8,8,10,9,8,10,8,9,8,8,10,10,7,10,9,7,8,10,9,9,7,7,9,10,9,6,8,9,8,10,7,8,7,10,8,8,10,8,10,7,7,8,8,9,7,7,8,9,9,9,8,9,10,7,8,9,9,10,8,6,8,10,7,7,7,8,10,9
"0.125",10,9,9,8,9,8,9,7,10,10,9,9,9,8,8,9,6,9,8,10,9,10,7,8,10,8,9,9,9,9,8,7,8,7,10,5,7,9,9,7,6,10,9,9,8,8,10,7,10,9,10,7,9,9,8,9,10,8,9,9,9,10,6,7,7,10,10,9,8,8,8,9,9,8,7,9,8,8,9,9,9,10,10,6,7,10,8,9,10,10,9,10,6,6,10,9,10,6,10,6,7,10,9,9,9,10,10,8,10,8,10,9,9,8,10,8,9,10,10,9,7,7,8,9,7,10,10,9,6,6,9,10,8,10,8,9,8,10,7,8,9,9,9,7,10,9,7,8,9,9,8,7,8,9,9,8,9,5,9,10,9,9,8,9,7,10,10,10,9,7,10,7,8,9,9,6,8,7,10,8,9,9,9,10,9,8,10,8,10,9,7,9,8,9,8,10,8,8,8,9,8,9,10,9,8,8,10,9,9,6,8,10,9,7,7,9,5,10,8,9,10,9,10,10,8,8,8,7,10,8,10,8,9,10,8,10,9,9,7,9,9,8,9,9,8,10,7,8,9,7,8,10,9,10,9,8,8,10,9,7,10,8,8,8,9,10,8,8,10,9,8,7,6,9,8,9,9,8,9,8,7,6,10,9,9,9,10,8,8,8,9,10,9,7,9,6,8,7,8,6,9,10,7,9,9,8,8,9,5,8,10,8,9,9,7,10,10,9,9,10,9,7,8,10,9,10,10,9,8,8,8,8,8,8,9,10,10,9,10,8,8,8,10,9,9,9,10,10,8,8,10,8,8,10,7,8,10,8,9,9,8,9,10,8,9,9,8,8,7,8,7,9,9,9,10,9,9,6,8,9,8,9,10,10,8,9,6,10,6,10,9,7,9,7,10,7,10,10,8,9,9,9,10,7,9,9,8,8,9,8,6,10,10,8,10,9,9,8,9,8,10,9,8,8,10,9,10,10,8,9,8,7,8,9,8,7,7,8,10,8,9,9,7,9,9,7,8,9,7,6,8,7,9,8,8,10,8,9,7,7,10,8,10,10,7,5,9,7,8,10,9,5,9,8,7,8,9,6,8,10,9,7,7,9,8,8,9,7,8,9,8,8,8,7,10,9,10,5,7,10,7,9,8,7,8,9,9,8,10,8,10,9,9,10,10,9,8,9,9,5,10,9,7,9,9,9,10,8,10,7,9,8,7,9,9,9,9,7,8,8,9,8,9,7,9,8,10,9,9,8,8,9,8,8,10,8,8,6,10,9,9,8,8,8,9,10,10,10,6,5,8,10,9,10,8,9,9,10,7,8,9,10,9,9,8,8,8,10,10,7,6,8,6,8,8,10,9,8,10,8,9,8,10,9,8,9,9,6,9,9,7,10,7,9,8,8,9,9,10,7,8,9,10,10,9,8,8,10,9,9,9,10,8,10,9,10,10,8,8,9,8,10,10,8,9,9,10,9,8,9,8,7,8,10,8,7,9,8,7,8,9,8,10,8,9,7,7,9,8,8,9,9,9,9,9,8,9,9,9,10,9,9,8,9,5,7,8,6,8,8,8,9,10,6,9,8,9,8,9,8,10,9,8,9,6,9,8,8,9,8,10,9,7,10,10,10,9,7,8,10,9,10,9,8,9,7,8,9,7,7,9,10,9,8,10,8,10,9,8,7,8,9,9,7,7,8,7,10,9,8,9,5,8,8,8,8,8,9,8,10,7,9,9,9,10,10,7,9,7,9,8,9,9,9,10,8,8,8,9,10,6,9,7,8,7,9,10,10,8,9,9,8,10,10,8,9,9,9,9,8,8,8,8,7,8,6,10,10,9,7,9,8,10,9,9,10,9,10,9,9,10,9,8,8,8,9,8,10,9,8,10,7,9,7,9,10,8,9,8,8,8,8,8,8,9,10,9,8,9,9,9,9,7,9,8,10,9,9,9,7,6,8,10,8,9,9,9,8,7,9,9,9,8,8,9,8,7,9,9,10,10,10,7,9,10,7,9,10,9,8,10,9,9,9,10,10,9,8,8,9,10,8,9,9,10,10,9,8,9,9,9,9,9,9,7,9,10,9,8,9,9,10,9,9,8,9,10,7,7,7,9,10,8,6,9,10,10,8,8,10,9,9,9,8,10,9,8,8,9,9,10,9,8,9,10,10,9,9,10,7,8,7,9,9,8,10,8,8,8,7,8,9,4,8,9,6,9,10,10,8,8,9,8,8,10,10,8,10,6,9,8,9,10,8,8,9,9,9,8,10
"0.125",8,9,10,7,7,6,8,9,9,10,8,10,9,10,9,8,10,8,8,8,8,7,6,10,10,9,8,8,10,8,8,9,10,10,9,9,9,10,9,8,9,8,8,9,10,8,8,8,8,8,7,9,9,9,8,8,8,9,8,7,10,8,8,10,9,6,10,7,9,8,8,9,9,9,7,10,10,9,8,9,8,8,8,7,7,8,9,10,9,9,7,10,9,7,10,8,7,8,10,8,8,7,5,8,9,7,8,10,8,8,9,9,9,9,10,9,10,10,9,9,10,4,4,7,9,9,10,9,8,9,10,7,10,8,9,9,10,9,8,8,9,7,8,9,9,9,9,9,10,7,9,8,9,9,7,8,8,8,10,7,9,10,10,8,9,9,7,9,8,9,10,10,6,9,8,8,9,10,8,8,5,8,8,8,8,9,10,8,9,9,9,8,6,9,7,9,9,10,9,6,10,8,9,6,8,8,8,9,10,6,9,10,9,9,9,10,9,9,7,7,8,10,7,7,9,9,8,9,9,10,10,9,7,7,8,8,6,8,10,8,10,9,9,8,9,9,9,9,9,8,8,10,10,10,9,8,10,10,10,9,8,10,9,9,10,8,7,8,9,9,8,8,10,9,9,7,8,10,9,10,5,7,9,9,8,9,7,10,10,4,7,9,9,7,7,9,10,9,8,7,7,6,10,8,8,9,9,9,5,9,9,8,10,9,9,10,8,9,9,7,10,9,6,8,9,9,8,7,5,9,8,10,7,10,10,8,10,9,6,8,9,8,9,9,7,8,8,8,9,10,9,8,7,7,9,8,9,8,9,7,8,9,7,9,9,9,7,8,9,9,8,9,6,10,8,9,9,9,8,9,8,7,10,9,8,10,9,8,6,10,8,10,8,9,9,9,8,8,8,10,5,8,7,10,9,10,9,10,10,7,9,9,9,8,9,9,8,10,9,9,9,7,9,8,10,9,9,7,10,10,5,10,8,8,8,9,9,9,10,10,9,10,10,9,10,8,9,8,8,7,8,6,9,8,8,8,7,7,10,5,9,9,8,10,6,9,8,10,8,9,8,8,7,9,7,10,10,7,8,9,8,9,7,8,8,10,9,10,8,8,8,9,9,7,8,8,10,8,9,10,10,10,8,9,8,9,7,9,9,7,7,8,9,10,9,8,6,8,10,8,10,8,7,8,10,8,9,6,9,9,8,7,8,6,8,10,9,8,6,9,10,9,9,9,7,8,9,10,9,9,9,9,8,9,9,8,9,7,8,7,8,9,9,6,9,7,10,9,9,9,9,9,8,7,9,7,8,8,8,9,9,7,7,9,9,7,8,9,10,9,10,9,9,9,9,9,8,7,7,8,9,7,9,9,5,8,10,10,10,7,8,8,9,6,9,9,10,8,7,10,8,10,8,9,8,9,9,9,8,10,8,8,9,10,9,6,10,10,10,10,7,8,7,9,10,8,7,8,9,8,9,8,7,9,8,8,9,10,10,8,9,10,9,10,6,9,9,8,9,10,10,9,7,8,9,9,9,7,6,10,10,9,8,10,7,8,8,8,8,8,10,9,6,7,9,7,10,10,9,7,9,10,8,7,9,10,9,8,8,8,9,10,8,9,8,8,9,9,8,9,9,9,7,8,10,8,7,9,9,9,7,9,7,6,6,9,9,10,10,8,9,5,10,9,9,8,9,7,7,6,10,9,9,8,6,8,9,8,9,9,9,6,7,6,9,7,8,8,6,7,8,8,9,7,7,9,9,9,10,7,7,7,9,8,9,9,7,10,9,9,9,8,6,9,9,9,9,10,10,10,5,7,9,7,10,7,7,7,9,9,9,9,10,9,7,9,7,9,8,7,10,7,10,9,8,7,9,9,7,8,9,10,10,8,8,8,8,10,9,10,10,8,9,8,8,9,10,8,8,9,8,9,9,8,8,8,10,10,10,7,9,9,10,9,8,7,10,7,8,10,9,9,7,8,8,7,7,7,9,9,8,9,10,10,7,8,7,8,9,8,9,10,8,9,8,10,8,8,10,10,9,7,9,9,9,9,10,8,8,7,10,9,9,8,8,8,8,9,8,9,9,8,10,9,8,9,9,9,5,9,9,9,9,9,8,8,8,9,10,8,8,10,9,9,9,9,8,7,7,9,9,8,10,9,9,8,9,10,9,10,6,8,9,10,9,8,10,10,9,7,10,6,8,5,9,9,9,9,10,7,10,8,8,9,7,8,8,6,8,8,9,10,9,9,9,10,9,8,9,6
"0.125",9,9,8,8,9,9,10,9,9,9,8,8,10,9,8,10,7,9,10,7,8,8,6,8,10,5,8,9,10,9,10,10,7,8,8,10,7,9,9,7,7,10,9,8,10,9,8,8,9,6,9,9,10,10,8,8,8,8,10,10,9,10,10,6,7,7,10,8,6,7,5,7,9,9,8,9,10,8,9,7,7,7,10,8,9,9,9,10,8,9,6,10,8,10,10,9,10,8,9,10,8,10,8,8,8,9,8,8,8,10,10,10,10,10,6,10,9,8,6,6,9,9,10,9,9,8,8,8,7,9,9,8,8,9,8,8,8,8,7,9,8,10,8,10,5,10,8,9,8,6,7,9,7,8,10,7,10,9,10,9,8,10,10,9,7,9,8,9,8,9,8,7,6,9,9,9,10,9,8,7,10,9,8,9,9,9,7,9,9,8,10,9,9,8,7,9,8,9,9,7,9,9,10,8,8,9,9,9,6,9,7,9,9,10,7,7,9,8,9,9,10,8,7,7,8,9,10,10,8,9,7,10,8,7,9,9,9,8,9,9,10,10,7,9,9,9,9,7,9,9,9,9,10,7,9,10,7,9,9,9,8,5,9,8,10,8,6,7,9,9,8,9,8,5,9,10,7,8,8,8,8,8,7,8,7,9,5,9,9,9,10,9,6,10,9,8,8,8,7,8,7,9,9,9,10,8,8,8,8,6,8,9,9,8,7,9,7,9,7,8,8,10,10,6,8,8,9,8,8,10,8,7,8,10,7,8,9,10,9,9,7,8,8,9,10,8,9,8,10,9,9,10,10,10,10,6,9,8,7,10,9,7,9,9,8,9,10,9,9,9,8,8,8,9,9,10,9,7,7,8,9,8,8,9,8,9,9,9,8,9,10,8,7,9,7,9,8,10,10,9,7,9,8,9,7,9,9,8,8,10,9,9,9,9,9,9,9,10,9,6,9,9,10,8,6,9,8,8,9,10,8,8,9,10,9,8,8,9,9,7,10,8,7,9,9,7,7,10,8,7,10,9,8,8,9,8,7,9,8,10,8,9,9,7,8,7,9,8,9,9,7,9,8,9,8,6,7,9,8,9,8,9,8,9,8,8,8,9,8,10,9,9,8,7,9,10,8,7,9,9,9,10,8,9,10,8,8,6,8,10,9,10,7,8,9,10,9,9,10,9,8,8,10,8,8,8,9,9,9,7,7,9,8,9,7,9,10,10,7,9,7,9,5,10,9,9,9,7,6,10,8,9,9,10,10,8,6,8,7,9,9,10,8,10,7,10,10,9,7,8,9,9,10,9,9,8,8,5,9,10,10,9,9,8,9,9,10,7,9,10,10,10,9,8,9,8,10,7,9,6,9,7,8,10,8,8,7,9,7,6,9,10,10,8,8,7,8,9,8,8,9,8,9,9,8,9,7,9,9,7,9,8,10,9,9,9,10,10,10,8,9,10,9,10,5,10,6,8,8,10,7,9,9,9,10,10,10,9,8,7,10,9,7,9,9,8,9,9,9,10,10,8,9,8,5,10,7,10,8,10,8,8,9,8,9,7,9,10,8,8,8,9,9,9,9,9,8,10,10,8,7,8,9,8,9,9,8,8,8,7,8,7,10,8,5,9,10,9,8,7,9,8,9,6,9,7,8,9,9,8,6,8,9,10,9,8,10,9,9,10,9,8,8,8,10,9,9,9,10,9,7,10,9,7,8,10,10,6,10,7,8,10,8,9,10,8,8,10,7,8,9,10,9,9,9,9,9,8,10,6,6,10,7,9,9,10,9,9,6,8,8,9,9,8,8,8,9,10,9,9,9,8,9,9,9,8,9,7,10,8,9,9,8,7,8,5,6,10,9,10,4,9,8,10,8,10,10,9,6,10,9,8,8,9,8,9,10,8,10,10,9,9,8,8,9,10,10,10,8,10,9,10,9,8,10,8,9,7,8,7,8,8,8,8,9,8,8,8,8,8,9,10,9,8,9,9,9,7,9,5,8,9,9,10,6,9,10,7,6,10,10,7,8,7,9,8,9,9,9,9,10,8,7,9,9,8,10,10,8,10,7,9,9,9,6,7,6,7,8,9,9,8,10,10,9,10,9,8,10,9,9,10,8,9,7,10,9,9,9,8,8,7,9,7,10,9,9,8,8,8,9,8,9,7,7,7,5,7,10,8,8,7,9,5,6,8,9,8,10,9,8,9,10,10,9,9,8,10,5,9,9,9,9,7,7,10,8,10,7,8,8,9,10,9,7,10,10,10,8,10
"0.25",3,6,9,7,7,3,9,10,8,7,3,5,9,8,8,6,5,8,5,10,6,8,6,5,6,7,6,7,7,7,7,7,7,6,5,5,7,9,8,5,5,6,8,8,3,5,5,8,6,6,7,8,4,5,7,4,7,4,10,8,5,5,7,6,8,7,5,4,9,8,8,9,5,3,7,6,7,9,3,7,8,8,6,8,8,8,7,6,7,8,6,9,6,5,6,9,10,6,7,10,9,6,7,9,3,8,4,5,6,6,7,5,10,2,5,6,5,4,8,6,4,7,6,6,5,3,6,8,6,5,7,8,7,8,7,9,8,6,8,8,9,7,10,9,6,7,6,6,9,4,7,5,5,7,9,6,7,7,8,3,9,5,6,6,5,6,6,6,5,10,3,10,4,6,6,6,8,5,8,7,7,7,6,9,7,5,9,9,5,10,3,5,7,6,9,9,8,7,9,9,7,6,6,6,6,7,8,5,7,9,6,7,6,8,8,7,4,8,7,7,4,8,7,9,5,6,7,5,6,7,7,8,6,5,5,6,6,6,9,9,6,6,7,7,5,6,5,6,6,7,8,5,7,5,5,6,5,7,6,7,4,6,8,4,7,6,8,7,6,6,7,6,7,6,4,6,6,6,8,9,7,5,8,4,9,8,7,7,7,6,6,7,6,7,8,6,8,4,3,7,5,5,9,9,9,5,10,7,8,8,7,6,6,7,6,7,7,7,7,5,9,7,4,6,8,6,5,6,6,5,7,8,8,5,4,8,7,6,6,6,5,8,8,6,8,8,8,7,6,8,8,8,7,7,9,8,7,6,5,5,5,8,9,7,7,8,7,7,6,9,5,9,8,7,6,6,3,7,7,6,10,9,7,7,4,8,6,6,6,5,8,6,5,7,8,5,8,5,6,7,7,4,8,8,7,8,9,10,8,6,8,8,8,6,4,5,6,7,9,7,4,5,8,5,8,8,6,7,5,6,5,6,8,8,7,6,7,9,9,5,7,4,7,8,6,7,6,7,7,3,6,10,7,10,7,6,8,5,7,8,6,5,6,4,7,6,8,8,7,7,8,7,8,4,7,6,6,8,4,9,8,9,8,5,6,8,5,8,7,7,8,8,5,4,4,8,8,7,8,9,4,7,6,7,8,7,8,10,6,7,7,9,5,7,5,5,8,5,6,5,6,9,8,7,4,9,7,7,8,7,7,7,8,7,8,7,7,7,7,9,5,8,6,8,5,5,9,4,7,6,7,7,8,5,6,7,6,8,9,7,5,6,5,8,6,6,6,8,7,6,8,7,6,5,5,8,6,8,8,9,8,7,9,4,7,8,6,8,6,5,7,9,8,9,7,7,7,9,7,5,7,6,5,8,5,7,6,5,9,9,9,7,7,6,4,7,8,4,8,4,8,7,7,8,5,8,7,8,6,6,8,6,4,5,6,6,7,6,7,6,9,6,8,3,8,8,5,6,8,7,7,5,8,7,6,8,6,5,6,6,6,6,6,8,5,7,6,7,8,7,9,7,10,9,7,4,5,4,8,6,7,8,9,7,8,9,8,5,9,5,8,4,5,4,4,7,7,7,7,6,6,6,7,5,8,6,8,8,5,6,8,7,10,8,7,8,6,5,9,8,4,6,8,8,8,7,8,7,7,6,8,5,7,8,6,7,6,5,4,3,6,9,6,8,8,8,9,8,8,4,8,6,6,5,5,4,7,6,7,7,6,3,7,7,9,9,7,8,6,10,6,6,6,7,6,6,6,5,9,6,7,5,4,6,8,2,7,6,7,4,6,4,6,5,7,6,7,7,6,5,6,8,7,5,7,7,10,5,7,7,9,7,9,8,7,5,6,8,7,7,6,4,8,7,7,6,7,9,7,9,7,6,4,8,6,3,5,8,7,5,6,7,9,4,7,8,8,4,9,5,6,7,5,7,7,9,9,8,8,7,6,7,6,8,7,7,8,7,8,3,8,8,6,7,6,7,4,6,6,8,7,8,7,7,8,6,5,7,4,7,7,8,7,8,7,7,6,6,3,8,8,6,8,5,8,6,6,8,7,5,4,6,7,6,7,9,5,5,7,7,5,9,5,5,8,6,5,8,6,8,4,7,8,6,2,7,4,7,8,9,8,7,8,10,9,8,5,7,8,4,7,8,7,7,8,6,7,7,8,6,8,5,6,7,9,7,9,6,5,5,7,6,7,6,7,8,6,8,8,7,5,5,8,7,7,8,8,8,9,7,7,6,6,5,5,8,4,4,8,6
"0.25",7,3,5,7,5,8,6,7,7,7,8,6,7,5,7,9,8,5,5,4,8,5,4,7,6,8,5,7,6,5,5,6,8,8,6,5,9,6,8,7,6,7,7,4,6,5,6,6,7,4,5,5,8,8,5,5,7,7,5,6,2,7,9,8,7,6,8,8,8,6,7,7,5,6,7,8,5,7,8,4,8,6,6,6,8,6,6,8,7,4,5,9,4,9,8,8,8,8,5,9,7,6,7,7,5,6,9,6,7,5,7,4,6,7,6,7,9,5,7,7,5,8,5,6,8,5,8,6,8,6,4,9,6,8,9,6,4,3,7,9,3,8,6,10,5,5,6,5,6,7,6,6,8,6,7,7,7,7,7,8,7,6,6,6,10,6,7,10,7,5,9,5,8,5,6,5,6,8,3,7,7,3,8,5,9,6,4,4,3,7,6,3,6,7,7,7,8,7,7,8,7,7,6,1,5,7,9,5,5,7,6,6,5,10,7,5,4,7,7,6,5,5,9,5,5,9,6,5,8,7,7,9,8,8,6,9,7,6,7,8,7,7,5,7,7,9,8,7,8,2,5,3,5,5,7,9,6,6,7,6,5,8,7,7,5,7,7,5,8,6,4,8,5,6,9,7,9,6,5,7,7,8,8,7,8,8,5,9,7,7,5,7,9,5,6,4,6,7,7,9,9,8,6,8,7,9,9,9,7,7,8,6,3,4,8,8,6,7,8,7,8,7,8,6,6,7,8,6,7,6,8,7,7,6,8,7,9,5,9,7,5,9,8,7,6,6,7,7,7,9,5,5,4,7,7,6,8,7,8,7,8,5,8,4,7,7,9,6,7,8,7,7,7,6,7,5,5,4,3,6,6,6,5,5,6,8,7,6,8,6,3,7,6,6,6,8,5,6,4,7,9,6,7,5,8,4,6,8,6,8,5,8,8,7,6,7,7,8,7,9,9,7,4,3,9,4,7,10,7,7,7,6,6,9,6,7,6,6,8,5,7,8,7,8,8,8,6,5,7,6,6,6,8,8,6,2,9,7,7,5,7,9,9,6,5,8,4,7,10,4,6,7,5,8,8,8,5,7,6,5,6,9,8,7,6,6,6,7,8,5,8,8,7,6,4,6,6,5,8,5,8,7,8,9,5,6,7,5,5,8,9,4,4,6,6,7,6,5,7,5,6,7,6,8,7,6,3,7,7,8,6,6,7,4,7,7,5,8,6,5,9,7,7,9,7,7,6,7,8,9,5,6,8,4,6,7,8,8,6,8,5,5,7,5,6,7,6,8,9,7,10,7,7,7,3,7,7,7,8,6,9,8,8,9,9,8,8,9,6,7,8,8,8,8,5,7,6,8,9,7,7,7,7,8,6,6,8,8,6,6,6,9,8,9,5,5,9,6,6,4,7,6,4,7,4,5,6,6,7,8,6,5,6,9,6,7,7,6,9,7,6,7,7,4,6,7,7,6,5,9,6,4,8,7,6,4,6,6,7,7,6,7,6,7,5,5,8,10,8,7,7,5,7,7,6,7,7,7,7,5,6,8,7,9,8,6,6,7,7,9,8,7,10,6,7,4,7,7,5,7,9,8,8,5,5,6,6,6,6,5,8,7,6,5,9,9,7,7,6,8,4,7,6,5,7,8,6,6,8,7,7,6,7,7,5,6,7,6,5,7,8,6,7,9,8,5,6,7,8,6,8,6,8,5,5,7,6,5,7,8,10,9,8,3,4,7,8,6,8,6,5,6,8,6,7,5,9,7,6,7,4,6,8,8,10,6,7,5,4,8,7,8,8,7,7,6,5,10,8,6,7,7,10,8,7,4,5,6,6,8,5,7,6,7,4,4,6,7,5,10,7,7,8,8,7,10,6,8,6,2,8,8,5,7,9,7,4,7,6,6,7,7,7,7,6,6,6,6,7,5,4,4,10,8,6,5,7,4,5,7,8,8,7,7,10,7,5,6,7,5,7,8,4,7,9,6,5,8,7,9,7,5,7,5,7,9,8,6,6,8,8,6,5,10,5,6,8,7,7,5,7,7,5,5,8,5,7,7,10,9,7,7,6,7,9,8,8,9,3,6,6,6,4,5,3,7,4,5,9,6,5,7,7,4,4,7,7,8,7,7,7,9,6,6,7,8,7,4,7,8,8,8,7,5,7,7,6,4,4,6,6,9,5,7,8,5,5,6,4,7,6,10,9,7,6,4,7,7,6,7,6,6,8,7,4,7,4,6,5,6,6,9,7,6,6,5,10,8,10,5
"0.25",10,7,9,7,8,4,7,5,8,6,7,6,7,5,7,4,6,7,6,7,5,7,6,7,8,6,8,7,6,5,9,8,9,7,7,8,8,8,7,6,7,7,9,7,6,8,7,8,7,6,4,7,6,7,8,5,5,6,5,7,6,7,4,6,6,7,7,6,7,4,6,6,5,7,5,9,6,5,7,3,6,7,6,7,5,6,4,8,8,6,6,9,4,4,7,5,7,9,9,5,6,7,8,10,8,5,8,8,4,6,7,5,6,4,10,6,7,7,3,8,7,4,5,7,4,8,9,9,6,7,7,4,6,4,5,8,7,8,8,6,7,6,8,7,8,8,5,8,6,8,7,5,7,6,8,4,7,6,8,7,3,5,3,9,9,8,7,7,7,8,6,5,9,9,9,8,7,5,9,10,5,9,7,8,9,9,6,5,8,8,4,8,7,4,6,5,6,4,6,5,6,6,7,6,6,9,1,6,8,7,8,6,5,5,5,6,6,6,7,5,4,6,4,7,6,8,10,7,8,8,7,4,4,8,6,5,6,7,6,9,8,6,6,6,6,6,7,5,7,8,7,5,8,4,7,4,7,8,6,7,8,6,10,7,7,7,9,7,6,7,7,5,8,6,5,2,9,5,8,6,5,7,7,6,9,3,7,9,6,6,6,6,5,7,3,6,9,6,8,7,9,8,7,6,4,8,7,4,9,6,8,6,8,7,5,8,8,6,7,3,6,7,5,8,8,6,4,7,7,5,7,7,7,4,6,7,6,6,8,7,5,6,6,7,7,6,8,6,5,7,8,4,7,7,8,9,3,6,8,8,7,7,5,8,4,8,6,7,5,8,6,7,8,5,6,4,7,9,7,7,7,7,4,4,4,5,6,6,7,8,7,6,5,6,4,5,6,5,7,6,8,3,7,7,6,6,5,5,6,6,9,5,9,8,10,8,6,6,6,6,5,9,6,7,6,5,8,7,7,8,4,8,6,7,8,6,3,9,7,6,5,5,7,7,5,10,5,6,7,9,8,6,7,7,8,4,6,5,10,8,8,4,7,8,4,6,5,8,7,5,5,5,5,6,7,5,8,5,4,6,6,6,7,5,7,6,6,7,4,9,5,7,5,7,7,8,6,6,6,7,7,5,7,4,10,8,5,7,9,7,5,6,9,7,6,8,5,6,4,4,5,3,7,7,7,7,7,8,7,7,5,5,6,3,4,8,8,8,7,5,7,6,8,5,5,5,3,7,8,4,5,9,8,6,9,8,6,6,3,5,6,8,4,7,6,7,5,7,3,6,6,7,6,6,8,7,7,6,5,8,6,5,6,7,7,7,9,9,6,4,7,8,6,5,8,7,8,6,5,6,8,10,7,7,7,6,8,9,5,10,6,7,6,7,8,9,7,5,8,9,6,7,7,7,5,8,5,8,6,8,8,6,6,8,8,8,6,8,4,6,6,7,8,8,7,7,7,8,6,5,8,6,8,7,7,6,2,8,5,7,5,7,8,6,8,8,7,8,9,8,5,7,9,8,6,8,7,6,6,10,6,6,5,8,5,6,7,7,7,9,7,7,7,7,5,7,8,6,5,7,6,5,8,6,6,6,5,7,8,7,7,7,6,6,8,7,7,6,7,6,8,7,6,8,8,7,8,8,8,7,3,5,5,9,8,7,5,7,8,7,9,8,7,6,6,7,4,7,8,7,7,5,7,8,6,7,4,6,5,6,8,8,6,3,5,7,7,6,6,8,7,7,6,5,6,6,4,6,6,9,5,6,8,7,7,7,8,8,6,8,5,4,6,6,5,5,8,5,7,7,6,7,8,5,9,9,8,8,7,7,6,5,7,8,8,5,7,8,10,7,5,8,7,5,5,4,2,6,7,8,8,9,3,8,9,8,5,7,7,5,8,6,7,10,9,10,5,8,7,7,6,7,5,7,6,7,8,4,6,7,7,6,8,7,5,7,6,6,8,5,8,8,8,6,4,5,8,8,7,9,6,8,7,7,5,7,7,8,3,5,7,5,7,6,8,8,6,6,6,6,7,5,8,6,6,5,7,8,4,7,9,5,6,7,4,6,8,7,7,7,6,9,6,5,7,7,6,4,8,8,5,7,7,7,3,4,5,7,7,6,7,7,6,5,5,6,5,8,7,8,7,9,6,5,8,5,6,6,5,6,5,8,6,7,6,9,5,8,8,7,7,7,8,7,7,9,7,6,4,3,7,6,6,7,10,8,7,5,9,6,6,6,5,6,7,6,6,4,5,6
"0.5",3,1,3,1,2,2,1,2,4,2,1,3,1,3,1,0,3,2,4,1,3,2,2,2,1,2,1,3,3,3,2,4,1,2,2,1,1,2,1,2,3,1,3,5,2,3,2,1,2,1,2,5,2,3,5,2,1,2,2,1,0,1,2,4,3,1,4,0,2,1,1,3,4,1,2,2,5,1,1,0,0,2,2,1,2,3,1,2,5,2,2,3,3,0,4,1,2,4,2,2,2,2,1,1,0,2,1,3,3,1,1,1,1,3,0,2,3,1,3,2,3,0,3,2,1,1,2,1,4,0,1,2,2,6,2,1,1,2,2,1,3,1,2,2,2,3,3,1,2,3,4,1,2,0,1,1,1,2,3,3,3,0,3,2,3,0,4,1,1,1,2,2,2,0,1,1,1,1,2,2,2,1,1,2,1,3,4,4,3,2,0,3,3,2,1,0,3,4,2,2,1,0,4,2,2,2,2,2,2,2,1,2,2,2,2,3,1,2,4,2,0,1,1,1,3,2,2,1,2,2,6,2,1,1,4,3,1,1,3,2,0,2,2,2,2,3,2,2,1,1,3,3,2,2,3,2,0,3,1,2,1,3,1,1,3,3,2,2,2,1,3,1,1,0,4,2,1,2,3,1,0,1,2,2,2,0,0,0,2,3,0,1,1,1,1,4,1,2,4,2,3,2,2,4,4,1,3,3,1,2,2,2,0,1,3,1,0,3,1,0,2,3,0,5,2,2,2,1,3,0,2,1,0,3,4,2,2,1,4,2,2,3,2,2,4,1,1,3,0,2,3,1,2,3,2,1,2,1,3,2,0,2,0,4,0,1,2,2,3,3,4,2,2,2,2,1,1,0,0,1,3,0,1,1,2,0,2,2,2,0,2,4,2,1,0,3,3,1,2,1,1,1,2,0,2,3,1,2,4,0,3,2,3,2,0,2,2,3,3,2,1,2,1,0,3,1,0,6,3,1,1,1,2,0,2,0,3,1,1,0,2,5,1,4,2,2,2,2,2,1,1,0,2,1,2,1,2,0,2,4,1,1,5,2,0,3,2,0,1,2,2,2,5,4,2,1,4,0,3,2,3,2,1,1,2,1,4,1,3,2,3,1,2,1,0,1,1,1,2,3,2,2,2,3,0,1,3,1,1,0,2,0,2,1,2,4,2,3,1,3,1,2,0,1,3,5,3,5,1,1,0,2,5,1,1,3,4,3,2,3,3,3,4,4,0,3,0,1,2,4,0,4,4,1,1,2,1,4,1,2,0,3,1,2,2,1,1,4,1,3,1,5,1,0,2,2,2,2,2,1,2,3,2,3,3,2,2,0,3,2,4,3,5,4,1,1,5,2,2,2,2,5,2,1,2,3,0,0,1,3,1,4,2,1,1,2,0,2,1,3,2,2,2,4,2,3,3,2,1,5,3,3,4,2,1,4,3,1,2,1,3,1,3,3,3,1,2,4,2,0,4,2,0,0,1,0,1,1,2,1,2,2,0,4,2,1,3,2,2,2,0,0,3,0,1,3,0,1,1,1,5,1,3,2,3,3,1,1,2,1,0,3,1,1,1,1,3,3,2,3,0,1,1,1,1,2,3,2,1,2,2,1,3,2,2,2,1,3,2,1,2,1,1,1,3,3,4,4,2,2,4,1,5,3,1,0,3,4,2,2,1,3,2,1,4,2,3,4,1,2,1,2,0,2,3,0,0,3,3,2,2,3,1,4,2,2,2,1,2,1,4,3,3,4,0,2,2,2,1,2,4,0,1,2,4,2,0,4,1,4,0,3,0,1,2,2,2,1,4,1,3,2,4,0,2,1,3,2,2,3,1,3,2,2,4,1,3,1,3,0,2,1,1,2,3,2,0,3,1,2,1,3,1,2,3,3,0,1,2,1,0,2,1,1,2,2,4,2,2,3,2,2,2,3,2,0,3,1,1,1,4,2,3,2,0,1,0,4,1,0,4,1,3,2,3,3,3,1,1,2,2,2,2,3,2,0,2,1,1,3,2,0,1,4,1,3,1,2,0,1,4,3,2,1,0,2,1,3,2,2,3,3,3,4,3,4,2,2,2,2,1,3,3,3,4,2,2,1,2,2,3,0,2,2,1,3,1,4,2,2,3,2,2,1,1,2,1,1,2,2,3,2,3,2,1,3,1,1,0,0,3,2,2,1,2,0,3,0,0,2,3,1,2,3,1,2,2,2,3,4,1,3,2,1,1,3,2,4,2,4,1,5,1,1,2,1,1,1,2,1
"0.5",4,4,1,2,0,1,2,2,2,1,3,1,2,1,4,1,2,0,1,0,2,2,1,4,3,3,1,3,2,1,3,3,1,1,4,2,1,1,2,2,2,1,3,0,1,2,3,1,0,4,3,1,4,2,1,4,4,1,2,1,2,2,0,0,0,2,3,3,1,2,2,3,1,4,2,1,0,2,0,3,1,4,1,1,2,1,3,0,1,0,1,2,2,1,3,2,0,1,2,4,0,2,5,1,0,3,1,3,2,2,5,1,3,1,0,2,3,2,2,1,1,0,1,4,2,1,4,0,3,2,1,3,3,1,2,0,2,5,1,3,4,1,4,1,2,4,3,0,0,1,4,2,3,1,4,1,1,3,3,1,2,0,0,1,1,2,1,2,2,1,2,3,1,2,2,2,3,3,3,2,2,0,3,1,2,0,1,2,3,2,0,3,3,3,2,2,2,2,4,2,2,0,0,1,3,1,0,2,2,4,2,2,2,1,0,4,1,1,1,2,1,3,1,2,2,2,2,2,2,2,1,4,3,3,1,2,1,2,2,2,0,2,1,1,0,1,1,4,2,4,3,1,2,2,4,2,4,3,1,1,1,3,1,1,3,0,2,3,2,1,2,2,3,1,2,3,1,3,2,2,1,1,1,1,3,3,0,3,1,3,3,0,3,3,1,0,0,1,2,2,0,0,1,1,1,1,3,5,2,1,0,4,0,2,1,2,4,4,2,0,2,1,4,1,1,3,0,2,2,1,2,2,2,2,1,3,1,3,5,2,0,0,2,1,3,1,2,2,5,1,1,2,1,1,3,1,1,0,2,0,2,2,3,1,0,2,2,1,2,1,2,3,1,2,3,3,1,3,2,4,1,2,1,2,0,2,2,3,1,1,2,3,3,0,1,2,2,2,3,1,3,3,2,1,3,2,1,0,0,4,5,1,2,5,0,1,4,3,4,4,3,2,2,3,1,2,4,4,2,1,5,1,2,2,1,3,1,2,1,3,1,1,1,2,3,2,3,4,0,0,3,2,3,2,0,1,2,3,0,3,1,1,4,1,3,2,3,5,2,1,0,1,0,2,1,4,1,1,0,0,3,2,1,0,1,3,2,2,1,1,3,2,2,1,1,4,2,1,2,1,1,2,3,1,1,2,0,1,3,0,2,1,1,1,1,4,3,2,1,2,0,1,1,1,0,2,0,0,3,1,3,1,4,0,3,0,2,1,1,3,3,3,1,0,2,5,1,0,1,2,2,2,3,2,2,3,2,3,2,3,3,1,3,1,0,3,2,0,1,2,3,2,3,2,1,0,0,0,2,3,2,2,1,0,1,2,2,1,1,1,0,2,4,2,1,2,5,3,5,1,1,1,1,1,2,1,1,2,1,1,0,0,2,2,1,2,2,3,3,3,1,3,2,3,2,2,2,2,0,3,1,2,1,1,2,1,2,3,3,2,1,2,1,3,3,2,1,0,1,0,2,3,3,1,0,0,1,2,3,4,3,1,0,3,4,2,1,2,4,2,3,2,0,3,1,2,1,2,1,2,2,0,3,1,2,2,1,3,3,1,1,1,2,1,2,4,0,4,5,4,3,2,1,5,2,2,1,2,1,2,5,0,1,4,4,1,1,3,0,0,1,1,4,2,1,2,1,2,3,3,1,3,2,0,1,1,2,1,2,1,1,4,3,4,3,2,4,2,2,1,2,2,1,0,5,2,2,3,1,0,3,2,3,3,2,2,3,3,4,1,2,2,0,2,3,1,1,2,1,2,2,1,1,3,1,2,2,2,1,3,1,3,2,0,2,1,4,1,1,2,0,2,1,2,2,3,3,0,2,1,1,2,1,4,3,3,1,2,2,1,0,2,2,2,2,1,2,0,1,0,2,1,3,0,2,1,2,3,1,1,0,3,1,0,2,1,2,2,3,1,1,4,3,1,2,1,1,3,2,2,2,1,2,3,1,1,2,2,2,1,1,2,1,1,2,2,4,1,3,2,3,1,2,1,2,2,0,1,4,4,2,0,2,2,1,2,0,2,1,2,1,3,1,3,3,3,1,2,2,4,3,4,2,2,2,2,3,2,4,4,2,2,2,0,1,2,2,1,2,3,1,2,0,0,2,1,1,1,0,3,0,1,1,3,2,2,1,3,5,2,3,2,2,3,2,0,1,1,1,2,1,1,2,3,1,2,0,1,1,2,3,2,5,2,1,4,1,2,6,1,2,2,6,2,1,2,4,2,1,1,4,0,0,1,1,2,3,2,2,1
"0.5",3,1,4,2,1,0,0,3,3,1,3,1,1,2,0,2,2,2,2,2,0,0,0,1,2,1,0,1,0,0,1,3,1,2,3,4,2,2,3,2,0,2,0,1,1,2,0,0,1,2,0,5,2,1,1,1,1,2,3,1,3,1,1,1,0,2,4,4,2,4,1,4,2,2,1,2,2,3,1,3,3,2,2,2,3,2,2,3,0,2,1,1,0,4,3,3,2,1,4,2,1,1,1,3,4,3,3,3,1,3,1,1,0,1,1,1,2,1,1,2,2,3,3,3,2,2,1,0,4,3,2,3,2,0,0,1,2,3,5,2,1,5,3,2,4,1,4,1,1,2,3,1,1,2,1,4,0,1,0,1,1,2,0,3,3,2,1,4,2,1,2,0,0,3,1,1,0,2,1,1,0,3,4,4,1,2,3,2,3,3,3,2,4,1,3,2,0,2,1,2,0,1,2,1,2,1,1,1,2,2,3,1,0,5,1,1,4,4,3,1,2,3,1,2,2,1,1,2,2,1,2,2,3,1,2,1,2,1,2,1,3,1,2,3,3,1,2,1,1,0,1,0,2,1,4,4,2,2,1,0,2,3,1,2,1,1,2,1,3,2,2,2,0,0,0,1,2,0,1,2,1,2,2,3,2,5,0,3,4,2,2,1,0,2,2,4,2,1,2,3,1,1,0,1,4,1,0,5,0,4,1,3,1,3,1,3,2,5,2,2,3,1,1,3,3,1,3,3,3,1,1,1,0,3,2,2,0,2,4,2,2,2,3,1,2,2,2,3,3,3,2,2,2,1,1,1,1,3,1,1,2,4,1,2,2,1,2,3,0,1,3,2,3,3,3,2,2,3,1,3,1,1,2,2,1,1,2,2,2,1,4,1,2,2,4,2,3,2,2,2,1,3,2,3,2,1,1,1,4,2,0,1,1,2,2,2,2,0,2,3,2,3,0,0,1,0,1,2,5,1,2,2,0,1,2,2,2,4,2,4,4,2,1,1,2,2,2,1,1,3,3,3,3,1,3,0,1,5,1,1,1,2,3,1,4,1,2,1,3,2,2,1,2,3,2,1,1,2,1,2,4,1,3,3,0,1,2,0,3,2,4,0,2,3,2,1,1,2,3,1,3,4,4,2,3,0,2,3,2,1,0,3,2,1,3,0,1,2,3,5,4,1,3,3,2,0,0,0,1,1,1,2,2,0,2,2,2,3,2,3,0,0,0,3,1,1,3,2,2,1,1,4,3,1,2,1,2,2,2,2,2,4,1,2,3,2,0,2,2,1,2,1,0,3,3,0,2,3,0,2,2,1,3,1,2,2,2,2,3,1,1,3,0,2,4,2,2,4,2,2,1,3,4,2,3,1,3,3,1,2,3,3,1,3,3,0,0,2,1,3,2,4,1,3,1,3,3,2,2,0,1,2,3,1,1,1,1,3,1,3,3,0,2,3,2,3,0,3,3,3,1,0,1,1,0,2,2,1,3,3,2,3,1,2,4,1,2,5,2,1,1,2,0,1,2,0,4,2,0,2,4,3,2,0,3,2,5,2,3,3,3,3,2,1,1,3,2,0,3,1,3,2,3,2,4,2,0,1,2,2,2,2,0,0,3,2,3,0,2,1,2,1,1,2,5,3,1,1,3,1,2,1,3,2,1,4,3,5,1,2,4,3,0,2,3,5,1,1,1,3,3,0,1,1,3,2,1,3,1,0,0,2,2,1,2,3,2,2,3,5,2,2,1,3,0,2,3,1,1,1,1,0,5,2,2,3,2,2,5,1,2,1,1,2,1,1,2,2,3,2,3,1,0,3,4,5,1,0,1,0,2,3,3,0,1,1,0,2,2,2,2,3,1,3,1,3,2,3,1,3,1,2,3,0,5,1,3,3,2,2,1,1,0,1,0,2,0,1,2,2,0,2,2,3,1,3,1,0,1,0,2,1,3,2,2,0,2,2,1,1,1,1,3,3,1,2,3,2,2,2,1,3,3,2,0,3,4,3,2,4,0,2,3,2,0,4,3,1,4,1,2,1,3,3,1,1,1,4,0,5,1,1,2,2,3,2,3,2,3,1,0,1,2,3,3,1,4,3,2,2,3,1,0,3,2,0,0,1,2,3,0,2,1,3,5,2,0,3,2,0,0,2,2,1,3,4,2,2,3,2,3,0,1,2,3,4,3,0,0,0,1,2,1,1,1,4,4,2,1,3,2,1,1,1,1,0,3,1,1,0,3,1,3,1,1,1,1,4,2,2
"1",0,0,0,0,0,0,0,0,0,0,0,0,0,1,0,0,1,0,0,0,0,0,0,0,0,0,1,0,0,0,1,0,0,0,0,0,0,0,0,0,0,0,0,1,0,0,0,0,0,1,0,0,0,0,0,0,0,0,0,0,0,0,0,1,0,0,0,0,0,0,1,0,0,0,0,0,0,0,1,0,0,0,0,1,0,1,0,1,0,0,1,0,2,0,0,0,0,0,0,0,0,0,0,0,0,0,0,0,0,0,0,1,0,0,0,0,0,0,0,0,0,0,0,0,1,0,0,1,1,0,0,0,0,0,0,0,0,0,0,0,0,0,1,0,0,0,0,0,0,0,0,0,0,0,0,0,0,0,0,0,1,1,0,0,0,1,0,0,1,0,0,0,0,0,0,0,3,0,0,0,0,0,0,1,1,0,0,0,0,0,0,0,0,0,0,0,0,0,0,1,0,0,0,1,0,0,0,0,0,0,0,0,1,0,0,0,0,0,1,0,0,0,0,0,0,0,1,0,1,0,0,0,2,0,0,1,0,0,0,1,0,0,0,0,0,0,0,0,0,0,0,0,0,0,0,0,0,0,0,0,1,0,0,0,0,0,0,0,0,0,0,0,1,0,0,0,0,0,0,0,0,0,0,0,0,0,0,1,0,0,0,0,0,0,0,0,0,0,0,1,0,1,0,0,0,0,0,0,0,0,0,0,0,0,0,0,0,1,0,0,1,1,0,0,0,0,0,0,0,0,2,0,0,0,0,1,0,0,0,0,0,0,0,0,0,0,0,0,0,1,0,2,0,0,0,0,0,1,0,0,0,0,0,0,0,0,0,0,0,1,0,0,0,0,0,0,0,0,0,0,1,0,0,0,0,0,0,0,0,0,0,0,0,0,0,0,0,0,1,0,0,0,2,1,0,0,0,0,2,1,1,0,0,0,0,0,0,0,0,0,0,0,0,0,0,1,0,0,0,0,0,1,0,0,0,0,0,1,0,0,1,0,0,0,0,0,0,1,0,1,0,1,0,0,0,0,0,0,0,0,0,0,0,0,0,0,0,0,0,0,0,0,0,0,1,1,0,0,0,0,0,0,0,0,0,0,0,0,0,0,0,0,0,2,0,0,0,0,0,0,0,0,0,0,0,0,2,0,0,0,2,0,1,0,0,0,0,1,0,1,0,0,0,0,0,0,1,0,0,0,0,0,0,0,0,0,0,0,0,1,0,0,0,0,0,0,0,0,0,1,0,0,0,0,0,0,2,0,0,0,0,0,0,0,0,0,1,0,0,0,0,0,0,0,0,1,1,0,1,0,1,0,1,0,0,0,0,0,0,1,0,0,0,1,0,0,0,0,0,0,1,0,0,0,0,0,0,0,0,0,0,0,0,0,0,0,0,1,0,1,0,0,0,0,0,0,0,0,0,0,0,0,0,0,0,0,0,1,0,0,0,0,0,0,0,0,0,1,0,0,0,0,0,0,0,0,0,1,1,0,0,0,0,0,0,0,0,0,1,0,0,1,0,0,0,0,0,0,1,1,0,0,0,0,0,0,0,0,0,0,0,0,0,0,0,0,0,0,1,1,0,0,0,0,0,0,0,0,0,0,0,0,0,1,0,0,0,0,0,0,0,1,0,0,0,1,0,0,0,1,0,0,0,0,0,0,0,0,0,1,2,0,0,0,0,0,0,0,0,0,0,0,0,0,0,0,0,0,0,0,0,0,0,1,0,0,0,0,0,0,0,0,0,0,0,1,0,0,0,0,0,1,0,0,0,0,0,0,0,0,0,0,0,2,0,0,1,0,1,0,1,0,0,1,0,0,0,0,0,0,0,0,0,0,0,0,0,0,0,0,0,0,0,0,0,0,0,0,0,0,1,0,0,0,0,0,1,0,0,0,0,0,0,0,2,0,0,0,0,0,0,0,0,0,0,1,0,0,0,0,0,0,0,0,1,0,0,0,0,0,0,2,0,1,0,1,0,0,0,1,0,0,0,0,1,0,0,0,0,1,0,0,0,0,0,0,1,2,1,0,0,0,0,2,0,1,0,0,0,0,0,0,0,0,1,1,0,0,0,0,0,0,0,1,0,1,0,0,0,1,0,0,0,0,0,0,0,0,0,0,0,0,0,0,0,0,0,0,0,0,0,0,0,0,0,0,0,0,0,0,1,0,0,0,0,0,0,0,0,0,1,2,0,0,0,0,0,0,1,1,0,0,0,0,0,0,0,0,0,1,0,0,2,0,0,0,0,0,0,1
"1",0,0,0,1,0,0,0,0,0,0,0,0,0,0,0,1,0,0,1,0,0,0,0,0,0,0,0,0,0,0,0,0,0,0,1,0,0,0,0,0,0,0,0,0,0,0,0,0,0,0,0,1,0,0,1,0,0,0,0,0,0,0,0,0,0,0,1,0,0,0,0,0,0,0,0,0,0,1,0,0,0,0,0,0,1,0,0,0,0,1,0,0,0,0,0,0,0,0,0,0,0,0,0,0,0,0,0,0,0,0,0,1,0,0,1,0,1,1,1,0,0,1,0,0,0,0,0,0,0,1,0,2,0,0,0,1,0,0,0,0,0,1,0,0,0,0,0,0,0,1,0,0,0,0,0,1,0,0,0,0,0,0,1,0,0,0,0,0,0,0,1,0,0,0,0,0,0,0,0,0,1,1,1,0,0,1,1,0,0,0,1,0,0,0,0,0,0,0,1,0,0,0,0,0,0,0,0,1,0,0,0,0,0,0,0,0,0,0,0,0,0,1,0,1,0,0,0,0,1,1,0,0,0,0,0,0,0,0,0,1,1,1,0,0,1,1,0,0,0,0,0,0,0,0,0,0,0,0,0,0,0,0,0,0,0,0,0,0,0,0,0,0,0,0,0,0,0,1,0,0,0,0,1,0,1,0,0,0,0,1,0,1,1,0,0,0,0,0,0,0,0,0,0,0,0,0,0,1,0,0,0,0,0,0,0,0,0,0,0,0,0,1,0,0,0,0,0,0,1,0,0,0,0,0,0,0,0,0,1,0,0,0,0,0,0,0,0,0,0,0,0,0,0,0,0,0,0,1,0,0,0,0,1,0,0,0,0,0,0,0,0,0,1,0,0,0,0,0,0,0,0,0,0,0,0,0,0,1,0,0,0,0,0,0,0,0,0,0,1,0,0,0,0,1,0,0,0,0,0,0,0,0,0,0,0,0,0,0,0,0,0,0,0,0,0,0,0,0,0,0,0,0,0,0,0,0,1,0,0,0,0,0,1,0,0,0,0,0,0,0,1,0,0,2,0,1,0,0,0,0,2,0,0,0,0,0,0,0,0,0,0,0,0,0,0,0,0,0,0,0,0,0,0,0,1,0,0,0,0,0,0,1,0,0,0,0,0,0,1,0,0,1,0,0,0,1,0,0,0,0,1,0,0,0,0,0,0,1,1,1,0,0,0,0,0,0,0,0,0,0,0,1,0,0,0,0,0,0,1,0,0,0,1,0,1,0,0,0,0,0,1,0,0,0,1,0,0,0,1,1,0,1,0,0,0,0,0,0,0,0,0,0,0,0,0,0,0,0,0,0,0,0,0,0,0,0,0,0,0,0,0,1,0,0,0,0,1,0,0,0,1,0,0,0,0,0,0,0,0,0,0,0,0,0,0,0,0,2,0,0,0,1,0,0,0,0,1,0,1,0,0,0,0,1,0,0,1,0,0,0,0,0,0,0,0,0,0,1,0,0,0,0,0,0,0,0,1,0,0,1,0,0,0,0,0,0,1,0,0,0,0,0,0,0,0,0,0,0,0,0,2,1,0,0,1,0,0,0,0,0,2,0,0,0,0,0,0,0,0,0,0,0,0,0,0,1,1,0,0,1,1,0,0,0,0,0,0,0,0,1,0,0,0,0,0,0,0,0,0,0,1,1,0,0,0,0,0,0,0,0,0,0,0,0,0,0,0,0,0,1,0,1,0,0,0,1,0,0,1,0,1,1,0,0,0,0,0,1,0,0,0,0,0,0,0,0,0,0,0,0,0,0,0,0,2,0,0,1,0,0,0,1,0,0,0,0,0,0,0,0,0,2,1,0,1,0,0,0,0,0,1,0,0,0,0,0,0,0,0,0,0,0,1,1,0,0,0,0,1,0,0,0,1,0,0,0,0,0,0,0,0,0,0,1,0,1,0,0,0,0,1,0,1,0,0,0,0,0,0,0,0,0,0,0,0,0,0,0,0,0,0,0,0,0,0,0,0,0,0,0,1,0,0,0,0,0,0,1,0,0,0,0,0,0,1,1,0,0,0,0,0,0,0,0,1,0,0,0,0,0,0,0,0,1,0,0,1,0,0,1,0,0,0,0,0,0,1,0,0,0,0,0,0,0,0,0,0,0,0,0,0,0,0,2,0,0,0,0,0,1,0,0,0,0,0,1,0,0,0,0,0,0,1,0,0,0,1,0,0,0,0,0,0,0,0,0,1,0,1,0,0,0,0,0,0,0,0,0,2,0,0,0,0,0,0,0,0,0,0,0
"1",1,0,0,0,1,0,0,0,0,0,0,0,0,2,0,0,0,0,0,0,0,0,0,0,0,0,0,0,0,1,0,0,0,0,0,0,0,1,0,0,0,0,0,0,0,0,0,0,0,0,0,0,1,0,0,1,0,0,0,1,1,0,0,0,0,0,0,0,0,1,1,0,0,0,0,0,0,0,0,0,0,0,0,0,0,0,0,0,0,0,0,0,0,0,0,0,0,0,1,1,1,0,0,0,0,0,0,0,0,0,0,0,0,0,0,0,1,1,0,0,0,0,1,0,0,0,0,0,0,0,0,0,0,0,0,0,0,1,0,2,0,0,1,0,0,0,0,0,0,0,0,1,0,0,0,0,1,3,1,0,0,0,1,0,1,0,0,1,0,1,0,0,0,1,1,1,0,0,0,0,0,1,0,0,0,0,0,0,0,0,0,0,0,0,0,0,1,0,0,0,1,0,0,0,1,0,0,0,0,0,0,0,0,0,0,0,0,0,0,0,2,1,0,0,0,0,0,0,0,1,0,0,1,1,1,1,0,0,1,0,0,0,0,0,0,1,0,0,0,0,1,1,0,0,0,0,0,0,0,0,0,0,0,0,0,0,2,0,0,0,0,0,0,0,0,0,0,0,0,0,0,0,1,0,1,0,0,0,0,0,0,0,0,0,0,0,0,0,1,0,0,0,0,0,0,1,1,0,0,0,1,0,1,0,0,0,1,0,1,0,0,0,0,0,0,0,1,0,0,0,0,0,0,0,0,0,0,1,0,0,0,0,0,0,0,0,0,0,0,0,0,0,0,0,0,0,1,0,0,0,0,0,0,0,0,0,0,0,1,0,0,1,0,0,1,0,0,0,0,0,0,1,1,0,1,0,0,0,0,0,1,0,0,0,1,0,0,0,0,1,1,0,0,0,0,0,1,0,0,0,0,0,1,0,0,0,0,0,0,0,0,0,0,0,0,0,0,0,0,0,0,0,0,0,0,1,0,0,0,0,0,1,0,0,0,0,0,0,0,0,0,0,0,0,0,0,1,0,0,0,0,0,0,0,0,0,0,0,0,1,0,1,0,1,0,0,0,0,0,0,0,0,0,1,0,0,0,0,0,1,0,0,0,0,0,0,0,0,0,0,0,0,0,0,0,0,0,0,0,0,0,0,0,0,0,1,1,0,0,0,0,0,0,0,0,0,0,1,0,0,0,0,1,1,1,0,0,0,0,1,0,0,0,0,0,0,1,0,0,0,0,0,1,0,1,0,0,0,0,0,0,0,0,0,0,0,0,0,0,0,0,0,0,0,1,0,0,0,0,0,1,0,0,0,0,0,0,0,0,0,0,0,1,0,0,0,1,0,0,1,0,1,0,0,0,0,0,0,1,0,0,0,1,0,1,0,0,1,0,0,0,1,0,1,0,0,0,1,0,0,0,0,0,0,0,0,0,0,1,0,0,0,0,0,0,0,0,0,0,0,0,0,0,0,0,0,1,0,0,0,1,1,0,0,0,0,0,0,0,1,1,1,0,0,0,0,0,0,0,0,0,1,0,1,0,1,1,2,0,0,0,0,1,0,1,0,1,0,0,0,0,0,0,0,0,0,0,0,1,0,0,0,0,0,0,0,1,0,0,0,0,0,0,0,0,1,0,1,0,0,0,0,0,1,0,0,1,0,0,0,1,1,0,1,0,0,0,1,0,0,0,0,1,1,1,0,1,0,1,0,0,0,1,0,0,0,2,0,0,0,0,0,1,0,0,0,0,0,0,0,1,1,0,1,0,0,1,0,0,0,0,0,0,0,0,1,0,1,0,0,0,0,0,0,0,0,2,0,1,1,0,0,0,0,0,1,0,0,0,0,0,1,0,0,0,0,0,0,0,0,0,0,0,0,0,0,0,0,0,0,0,0,0,0,1,0,0,0,0,0,0,1,1,0,0,0,0,0,0,0,0,0,0,1,1,0,0,0,0,0,0,0,0,0,0,0,1,0,0,0,1,0,0,1,0,0,0,0,0,0,0,0,0,0,0,0,0,0,0,1,1,0,0,0,0,0,0,0,0,0,0,0,0,0,0,0,0,0,0,0,0,0,0,0,1,0,0,0,0,0,0,1,0,0,1,0,1,0,0,0,0,0,0,0,0,1,0,1,0,0,0,1,0,0,0,0,0,0,0,0,0,0,0,0,0,0,1,0,1,0,0,0,1,0,0,1,0,0,0,0,0,0,0,2,0,0,0,0,0,0,0,0,0,0,1,0,0,0,0,0
